Feature,Importance
Feature_12,0.32286716074105576
Feature_11,0.23653186618936486
Feature_9,0.21331229409235591
Feature_13,0.15275911367621559
Feature_10,0.04739991645898863
Feature_14,0.007788485802506654
Feature_1,0.007185604803211735
Feature_3,0.003292099792352659
Feature_5,0.001760020301065727
Feature_8,0.001694885081105904
Feature_4,0.0015689590829451767
Feature_2,0.001298891721626828
Feature_7,0.0012987334296822664
Feature_6,0.001241968827522373
