Feature,Importance
Feature_12,0.30181854875862635
Feature_11,0.2308578931988686
Feature_9,0.20448918276832992
Feature_13,0.19060239437709556
Feature_10,0.04993629599576826
Feature_14,0.008843734861118413
Feature_1,0.003912704676512393
Feature_3,0.0030243978422522496
Feature_4,0.002497665634005319
Feature_8,0.001159093570040139
Feature_2,0.0010289042959239375
Feature_6,0.0007725529485491053
Feature_7,0.0007251549768296073
Feature_5,0.0003314760960801053
